timestamp,symbol,open,high,low,close,volume
2026-03-02,AISP,101.20,103.40,100.90,102.85,2400000
2026-03-03,AISP,102.85,104.15,101.80,103.55,2580000
2026-03-04,AISP,103.55,104.90,102.75,104.40,2665000
2026-03-05,AISP,104.40,105.70,103.10,103.95,3010000
2026-03-06,AISP,103.95,106.20,103.80,105.85,3150000
2026-03-09,AISP,105.85,106.40,104.75,105.10,2980000
2026-03-10,AISP,105.10,107.15,104.90,106.95,3425000
2026-03-11,AISP,106.95,108.30,106.20,107.70,3510000
2026-03-12,AISP,107.70,109.10,106.85,108.55,3620000
